id;priority;state;subject;description;date
1;Low;true;Savings Account Dam;Practical Fresh Pants;2019-09-03T00:48:37
2;Medium;false;Producer;Implementation Electronics Officer;2019-09-03T00:25:03
3;Low;false;Home Namibia;Steel zero administration;2019-09-03T06:26:39
4;High;true;grey Cambridgeshire;Canyon HDD;2019-09-02T22:54:35
5;High;false;Usability South Dakota envisioneer;Intelligent;2019-09-02T22:48:55
6;High;false;Buckinghamshire Games;incentivize Tuna copy;2019-09-03T05:01:59
7;Low;false;synthesizing Views e-enable;Credit Card Account National Awesome;2019-09-03T10:32:00
8;High;false;generating compelling;Home Loan Account;2019-09-03T08:36:46
9;Low;false;Industrial;index orange;2019-09-03T15:06:15
10;Medium;true;application quantify Unbranded Plastic Tuna;Internal;2019-09-02T18:50:10
